Title,URL,Data,Descrição
What is data scraping? - YouTube,https://www.youtube.com/watch?v=COeMzrSYgvw,30 de out. de 2020 · Vídeo enviado por The Hindu,"Data scraping, or web scraping, is the process of extracting data from a website. Scraper bots are designed to ..."
Python na Prática fazendo Web Scraping (de ... - YouTube,https://www.youtube.com/watch?v=Vxl5jUltHBo,13 de fev. de 2020 · Vídeo enviado por Código Fonte TV,Você já tinha ouvido falar em Web Scraping? Esse técnica é usada desde sempre e consiste na extração ...
DATA SCRAPING meaning & explanation - YouTube,https://www.youtube.com/watch?v=omTtMylcWOI,21 de set. de 2017 · Vídeo enviado por The Audiopedia,"Data scraping often involves ignoring binary data (usually images or multimedia data), display formatting ..."
Web Scraping with Python - Beautiful Soup Crash Course,https://www.youtube.com/watch?v=XVv6mJpFOb0,18 de nov. de 2020 · Vídeo enviado por freeCodeCamp.org,Learn how to perform web scraping with Python using the Beautiful Soup library.✏️ Tutorial by JimShapedCoding ...
01 - Introdução ao HTML | Web Scraping com Python - YouTube,https://www.youtube.com/watch?v=42sTntMEn6o,12 de ago. de 2020 · Vídeo enviado por Walisson Silva,"Fala, pessoal! Neste vídeo estarei iniciando uma série falando sobre Web Scraping com Python, ou seja ..."
Puxar dados da internet para leigos em programação...,https://www.youtube.com/watch?v=Nds13psie_s,13 de jan. de 2018 · Vídeo enviado por Le Wagon,"Iniciação ao Web Scraping - Puxar dados da internet para leigos em ... informação da Web ou seja ""Web ..."
What Is Web Scraping And How Does It Work? | Zyte.com,https://www.zyte.com/learn/what-is-web-scraping/,17 de nov. de 2020 · Vídeo enviado por Zyte,Web scraping (also called web data extraction or data scraping) provides a solution for those who want to ...
Web Scraping usando Python e Selenium - YouTube,https://www.youtube.com/watch?v=dNwFZbvLqnE,2 de mar. de 2019 · Vídeo enviado por EstaTiDados,Parte 1 - Web Scraping usando Python e Selenium - Extraçao de Dados ... UNA e Pós Graduando em ...
Como utilizar o Excel para web scraping ? - YouTube,https://www.youtube.com/watch?v=EHGNFBJJxbg,8 de mai. de 2020 · Vídeo enviado por RuiTrader,O web scraping permite extrair informação relevantes de websites para depois serem analisadas. Esses ...
What is Web Scraping and What is it Used For? | ParseHub,https://www.parsehub.com/blog/what-is-web-scraping/,1 de ago. de 2021 · Vídeo enviado por ParseHub,Web scraping refers to the extraction of data from a website. This information is collected and then exported ...
